Residue name,Atom name,Metal,L,H,Num
ASN,ND2,CA,1.55839204788208,3.4527209997177124,218
ARG,NH2,CA,1.6662153601646423,3.731468141078949,27
HIS,ND1,CA,1.6146979331970215,3.4814717769622803,193
HIS,NE2,CA,1.479863166809082,3.4086387157440186,274
ARG,NH1,CA,1.9480171203613281,3.5798516273498535,18
GLN,NE2,CA,1.5858176946640015,3.4923436641693115,80
LYS,NZ,CA,1.7199140787124634,3.6238534450531006,28
ASN,N,CA,2.0422885417938232,3.5422885417938232,27
THR,N,CA,2.1418070793151855,3.6969387531280518,5
ARG,N,CA,1.2175536155700684,3.7790236473083496,9
ASP,N,CA,2.158769130706787,3.6979495882987976,18
GLY,N,CA,1.8495440483093262,3.7382583618164062,38
SER,N,CA,1.9453012943267822,3.6589789986610413,64
MET,N,CA,2.0025954246520996,3.5025954246520996,1
TRP,N,CA,1.925116777420044,3.566536247730255,6
PHE,N,CA,2.0380295515060425,3.7408711910247803,7
LYS,N,CA,1.8849201500415802,3.617212414741516,4
HIS,N,CA,1.3799631595611572,2.8799631595611572,1
GLU,N,CA,1.8932816982269287,3.5325156450271606,3
ARG,NE,CA,1.9887577295303345,3.6678123474121094,6
ILE,N,CA,1.7138004302978516,3.3720221519470215,33
VAL,N,CA,2.229739189147949,3.729739189147949,3
LEU,N,CA,1.930222749710083,3.430222749710083,3
ALA,N,CA,2.2603986263275146,3.7603986263275146,22
CYS,N,CA,2.140582799911499,3.7772202491760254,16
ASN,O,CA,1.5818448066711426,3.236192226409912,1431
ALA,O,CA,1.5717718601226807,3.173840045928955,1672
LEU,O,CA,1.5582730770111084,3.21597957611084,1429
ASP,OD2,CA,1.5667190551757812,3.28240704536438,13668
GLU,OE1,CA,1.6336193084716797,3.3845622539520264,6963
GLU,OE2,CA,1.6073741912841797,3.348827838897705,6820
GLU,O,CA,1.5614440441131592,3.2616913318634033,1207
ARG,O,CA,1.5968728065490723,3.260913610458374,627
GLY,O,CA,1.6184120178222656,3.2453081607818604,5783
THR,OG1,CA,1.6867988109588623,3.375,723
ASP,OD1,CA,1.5721924304962158,3.277775287628174,17826
THR,O,CA,1.5814259052276611,3.20779812335968,2214
ASN,OD1,CA,1.581583023071289,3.2283239364624023,4290
ASP,O,CA,1.6035213470458984,3.2945733070373535,2436
TYR,O,CA,1.5438437461853027,3.1909780502319336,890
PRO,O,CA,1.5949995517730713,3.357081651687622,924
ILE,O,CA,1.5374488830566406,3.223294973373413,1277
PHE,O,CA,1.5446949005126953,3.307039797306061,610
VAL,O,CA,1.5317049026489258,3.239700436592102,1844
LYS,O,CA,1.5531907081604004,3.238131046295166,779
HIS,O,CA,1.5769317746162415,3.286019802093506,410
MET,O,CA,1.5818448066711426,3.22299861907959,369
GLN,OE1,CA,1.5772335529327393,3.273038387298584,854
SER,O,CA,1.5860811471939087,3.273933172225952,1319
GLN,O,CA,1.5620776414871216,3.18349027633667,715
SER,OG,CA,1.6348481178283691,3.3945975303649902,817
THR,OXT,CA,1.7648849487304688,3.2648849487304688,1
TRP,O,CA,1.5422731637954712,3.160102367401123,443
LEU,OXT,CA,1.655945599079132,3.3376174569129944,24
TYR,OH,CA,1.7134039402008057,3.5610668659210205,58
CYS,O,CA,1.5314640998840332,3.2225050926208496,584
ASP,OXT,CA,2.1224937438964844,3.6224937438964844,1
ASN,OXT,CA,1.7008543610572815,3.2764028906822205,6
GLU,OXT,CA,1.6426359415054321,3.290799379348755,3
TYR,OXT,CA,1.5397956371307373,3.246689796447754,5
SER,OXT,CA,1.54524165391922,3.1474589705467224,2
ARG,OXT,CA,1.8244027495384216,3.4760046005249023,8
LYS,OXT,CA,1.6522446870803833,3.3797558546066284,2
ALA,OXT,CA,1.7413772940635681,3.3189271092414856,2
TRP,OXT,CA,1.7855865955352783,3.2855865955352783,1
GLY,OXT,CA,1.5121175050735474,3.1390868425369263,7
CYS,SG,CA,1.5330331027507782,4.144546955823898,28
MET,SD,CA,2.482902765274048,3.982902765274048,1
HIS,ND1,CD,1.521798551082611,3.217958688735962,98
HIS,NE2,CD,1.4815425872802734,3.1441457271575928,161
LYS,NZ,CD,1.9320893287658691,3.432089328765869,5
ASP,OD1,CD,1.4801642894744873,3.284984588623047,193
ASP,OD2,CD,1.525463581085205,3.3069682121276855,180
SER,OG,CD,1.5508310794830322,3.1714212894439697,17
PHE,O,CD,1.8603105545043945,3.5951842665672302,10
GLU,OE1,CD,1.5014643669128418,3.2737157344818115,205
GLU,OE2,CD,1.465418815612793,3.308578670024872,208
LYS,O,CD,1.5059058666229248,3.1099441051483154,12
GLN,OE1,CD,1.440037488937378,2.940037488937378,3
ASN,OD1,CD,1.7242324352264404,3.226698160171509,13
HIS,O,CD,1.8256971836090088,3.325697183609009,3
PRO,O,CD,1.5766563415527344,3.0766563415527344,3
PRO,OXT,CD,1.5978610515594482,3.0978610515594482,3
TYR,O,CD,1.5151400566101074,3.0151400566101074,1
GLY,O,CD,1.4936906099319458,3.0345581769943237,2
ASP,O,CD,1.762639045715332,3.262639045715332,3
ALA,O,CD,1.4344286918640137,3.151984930038452,16
GLU,O,CD,1.6152658462524414,3.139205276966095,16
THR,OG1,CD,1.3993890285491943,3.281057119369507,14
THR,O,CD,1.6073822975158691,3.126554250717163,11
ASN,O,CD,1.5427525043487549,3.042752504348755,1
GLN,O,CD,1.681501865386963,3.181501865386963,1
ALA,OXT,CD,1.7251696586608887,3.2251696586608887,5
LEU,O,CD,1.4416255950927734,2.9416255950927734,3
LEU,OXT,CD,1.8525829315185547,3.3525829315185547,3
VAL,O,CD,2.1154520511627197,3.6154520511627197,1
CYS,O,CD,1.9365460872650146,3.4365460872650146,1
CYS,SG,CD,1.751415729522705,3.3159420490264893,241
HIS,NE2,CO,1.3373268842697144,3.0057570338249207,1156
HIS,ND1,CO,1.3197081089019775,3.0726656913757324,277
MET,N,CO,1.1151923537254333,2.7919381856918335,6
HIS,N,CO,1.3759620189666748,2.9911391735076904,13
LYS,NZ,CO,1.106829285621643,3.0799529552459717,10
ASN,ND2,CO,1.7871267795562744,3.2871267795562744,2
ARG,NH2,CO,1.9710168242454529,3.4976633191108704,2
GLY,N,CO,1.3518238067626953,2.917335867881775,4
SER,N,CO,1.2757136821746826,2.993262529373169,5
ARG,NH1,CO,1.950188159942627,3.450188159942627,1
ARG,NE,CO,1.8761157989501953,3.3761157989501953,1
GLN,NE2,CO,1.3615295886993408,2.861529588699341,1
ASP,N,CO,1.4579954147338867,2.9579954147338867,1
GLU,OE2,CO,1.2647465467453003,3.132786989212036,372
GLU,OE1,CO,1.2978289127349854,3.136096477508545,392
ASP,OD2,CO,1.295300841331482,3.0457518100738525,470
ASP,OD1,CO,1.3207693099975586,3.111030101776123,341
CYS,O,CO,1.4694101810455322,3.3855812549591064,20
GLN,OE1,CO,1.3440834283828735,3.117793321609497,26
TYR,OH,CO,1.3876004219055176,3.087791919708252,13
ASP,O,CO,1.3370449542999268,2.9175429344177246,26
GLN,O,CO,1.4467439651489258,2.946743965148926,2
SER,OG,CO,1.04386305809021,3.7590272426605225,27
THR,OG1,CO,1.5695019960403442,3.3431851863861084,19
GLY,O,CO,1.388000249862671,2.995872974395752,5
LEU,O,CO,1.0221495628356934,3.6909232139587402,12
GLU,O,CO,1.381195068359375,3.067631244659424,18
ILE,O,CO,1.7772137522697449,3.4237723350524902,6
ASN,OD1,CO,1.5004035830497742,3.240607261657715,32
PHE,O,CO,1.4338966012001038,3.366201102733612,12
SER,O,CO,1.4557275772094727,2.9557275772094727,5
THR,O,CO,1.3024063110351562,2.841637432575226,4
ASN,O,CO,1.7296042442321777,3.2296042442321777,2
VAL,O,CO,1.3596644401550293,2.8596644401550293,1
ALA,O,CO,1.4831180572509766,3.160805344581604,4
MET,O,CO,1.3020567893981934,2.8020567893981934,1
ARG,O,CO,1.6466937065124512,3.1875,5
MET,SD,CO,1.7024283409118652,3.3194202184677124,19
CYS,SG,CO,1.4843202829360962,3.1203945875167847,112
GLY,N,CU,1.354682207107544,3.0962486267089844,21
HIS,N,CU,1.3662502765655518,2.9609789848327637,49
HIS,ND1,CU,1.261472225189209,2.911409616470337,1059
HIS,NE2,CU,1.2568395137786865,2.943073272705078,2603
THR,N,CU,1.6217998266220093,3.2510292530059814,3
SER,N,CU,1.4003541469573975,3.2727479934692383,5
ASP,N,CU,1.3378238677978516,2.8378238677978516,1
VAL,N,CU,1.450650930404663,2.950650930404663,1
MET,N,CU,1.442964792251587,3.0521432161331177,11
ILE,N,CU,1.3808475732803345,2.9575576782226562,6
LYS,NZ,CU,1.7588691711425781,3.39251971244812,20
GLN,NE2,CU,1.7243618965148926,3.2243618965148926,1
ASN,N,CU,1.4092483520507812,2.9092483520507812,1
ALA,N,CU,1.2937266826629639,2.793726682662964,1
ARG,N,CU,1.2749903202056885,2.7749903202056885,3
GLN,N,CU,1.8348870277404785,3.3348870277404785,1
ARG,NH2,CU,1.8677005767822266,3.3677005767822266,1
ASN,ND2,CU,1.6608366966247559,3.160836696624756,2
CYS,N,CU,1.488250494003296,3.421555280685425,8
GLU,OE1,CU,1.4714719653129578,3.3416783809661865,452
TYR,O,CU,1.5706939697265625,3.0706939697265625,2
GLU,OE2,CU,1.3648655414581299,3.2640230655670166,494
TYR,OH,CU,1.0500571727752686,3.5266225337982178,19
GLN,OE1,CU,1.026171088218689,3.7294095754623413,18
ASP,OD1,CU,1.2559722661972046,3.179725170135498,102
GLU,O,CU,1.4614758491516113,3.3132619857788086,26
ASP,OD2,CU,1.260622501373291,3.2380573749542236,109
THR,O,CU,1.9617366790771484,3.4617366790771484,1
GLY,O,CU,1.1415932178497314,3.0684046745300293,33
ASN,OD1,CU,1.503469467163086,3.2153854370117188,13
ARG,O,CU,1.4525055885314941,3.0241756439208984,23
ALA,O,CU,1.4579249620437622,3.2717626094818115,3
SER,OG,CU,1.6642602682113647,3.4490020275115967,4
TRP,O,CU,1.7020423412322998,3.2189478874206543,4
ILE,O,CU,1.1542616486549377,2.7369452118873596,7
THR,OG1,CU,1.420404851436615,3.4072952270507812,7
ASP,O,CU,1.8642823696136475,3.3642823696136475,1
MET,O,CU,1.4925005435943604,2.9925005435943604,2
CYS,O,CU,1.925116777420044,3.426553726196289,6
HIS,O,CU,1.4885969161987305,3.047929525375366,7
SER,O,CU,1.3005244731903076,2.8005244731903076,1
LEU,O,CU,1.2687304615974426,2.8785623908042908,2
GLN,O,CU,1.4116103649139404,2.9296555519104004,7
PHE,O,CU,1.6770610809326172,3.360809028148651,10
CYS,SG,CU,1.388742446899414,3.038195848464966,675
MET,SD,CU,1.5787017345428467,3.314175844192505,231
HIS,ND1,CU1,1.246151089668274,2.8876004219055176,357
CYS,N,CU1,2.0335533618927,3.5335533618927,18
HIS,NE2,CU1,1.2256976962089539,2.880855679512024,371
HIS,N,CU1,0.8477571606636047,3.0155146718025208,11
GLN,NE2,CU1,1.467916190624237,3.187892973423004,2
ARG,NH1,CU1,1.525141716003418,3.025141716003418,1
ARG,NH2,CU1,1.950730562210083,3.450730562210083,1
CYS,O,CU1,1.5608100891113281,3.262493133544922,821
SER,OG,CU1,1.2237272262573242,2.723727226257324,1
GLN,OE1,CU1,1.6210906505584717,3.2193431854248047,5
TYR,OH,CU1,1.2266422361135483,3.3786923736333847,4
GLU,O,CU1,1.84236341714859,3.4224881529808044,6
ASP,OD1,CU1,1.301202654838562,3.568982481956482,42
THR,OG1,CU1,1.8401706218719482,3.4556076526641846,9
ASN,OD1,CU1,1.9516343474388123,3.4538022875785828,6
GLU,OE1,CU1,1.7593574523925781,3.259357452392578,6
ASP,OD2,CU1,1.2274107336997986,2.730372428894043,6
CYS,SG,CU1,1.3204894065856934,2.9409430623054504,2246
MET,SD,CU1,1.6030802726745605,3.2631733417510986,344
HIS,NE2,FE,1.3799560070037842,3.0385159254074097,2138
HIS,ND1,FE,1.3882365226745605,3.1122188568115234,489
MET,N,FE,1.4906823635101318,2.990682363510132,1
ASN,ND2,FE,1.3291898369789124,2.9906898140907288,12
HIS,N,FE,1.6201918721199036,3.167766034603119,2
SER,N,FE,1.4023377895355225,2.986317813396454,8
ARG,NH1,FE,1.4348196983337402,2.9348196983337402,2
TRP,N,FE,1.5620777606964111,3.177865505218506,4
GLU,OE1,FE,1.3058605194091797,3.0763940811157227,1285
GLU,OE2,FE,1.3231555223464966,3.1017701029777527,1196
TYR,OH,FE,1.18959379196167,2.9015365839004517,131
ASP,OD2,FE,1.3321152329444885,3.0741891860961914,588
ASP,OD1,FE,1.3460807800292969,3.09671688079834,520
ILE,OXT,FE,1.4025671482086182,2.902567148208618,1
ASN,OD1,FE,1.352418601512909,3.1804842352867126,54
GLN,OE1,FE,1.4348196983337402,3.1809306144714355,29
SER,OG,FE,1.4870777130126953,3.284045457839966,9
GLY,O,FE,1.371598720550537,3.3824687004089355,5
ARG,O,FE,1.3349862098693848,2.9959816932678223,4
ASP,O,FE,1.1199313402175903,2.6199313402175903,3
ILE,O,FE,1.5410504341125488,3.064612865447998,2
LEU,O,FE,1.3480035066604614,2.907072424888611,2
MET,O,FE,1.3710901737213135,2.8710901737213135,1
LYS,O,FE,1.5780832767486572,3.1605989933013916,3
TRP,O,FE,1.6078741550445557,3.27811336517334,4
CYS,SG,FE,1.5198774337768555,3.1348544359207153,266
HIS,ND1,FE2,1.4602611064910889,3.1047658920288086,229
HIS,NE2,FE2,1.4649230241775513,3.105180501937866,1734
ARG,NH2,FE2,1.9199265241622925,3.4741379022598267,3
GLN,NE2,FE2,1.378429651260376,2.878429651260376,1
CYS,N,FE2,1.8072545528411865,3.3072545528411865,1
ASP,OD1,FE2,1.3447547554969788,3.246283173561096,132
GLU,OE1,FE2,1.3060979843139648,3.1688992977142334,501
ASP,OD2,FE2,1.349975824356079,3.2807098627090454,115
GLU,OE2,FE2,1.3425836563110352,3.2520499229431152,477
ILE,OXT,FE2,1.4154974818229675,2.960437774658203,6
TYR,OH,FE2,1.241559386253357,3.1039881706237793,9
ASN,OD1,FE2,1.3329946994781494,3.0130199193954468,26
ALA,O,FE2,1.4312410354614258,2.931241035461426,1
ILE,O,FE2,1.5419669151306152,3.0419669151306152,1
GLY,O,FE2,1.6979374885559082,3.2908577919006348,2
ARG,O,FE2,1.316993236541748,2.846313714981079,4
THR,O,FE2,1.9631767272949219,3.463176727294922,1
THR,OG1,FE2,2.006882905960083,3.506882905960083,1
SER,OG,FE2,1.5560898780822754,3.21050226688385,7
GLU,O,FE2,1.7808401584625244,3.2808401584625244,1
GLU,OXT,FE2,1.0588932037353516,2.5588932037353516,1
CYS,SG,FE2,1.5142674446105957,3.18629789352417,53
MET,SD,FE2,1.8692739009857178,3.6421871185302734,5
CYS,N,HG,2.2569196224212646,3.7569196224212646,1
HIS,ND1,HG,1.3936026096343994,3.085340142250061,22
HIS,NE2,HG,1.5519239902496338,3.4369298219680786,7
LYS,NZ,HG,1.5190436840057373,3.0190436840057373,2
SER,N,HG,1.5162177085876465,3.0162177085876465,2
GLU,OE1,HG,1.773836612701416,3.4568705558776855,5
GLU,OE2,HG,1.6233546733856201,3.3105223178863525,4
ASP,OD2,HG,2.0307233333587646,3.587968587875366,3
HIS,O,HG,2.030108690261841,3.530108690261841,2
TYR,OH,HG,1.8951063752174377,3.556771457195282,2
SER,O,HG,1.5986406803131104,3.0986406803131104,2
SER,OG,HG,1.7696061730384827,3.703561305999756,6
GLY,O,HG,1.9719583988189697,3.488473415374756,5
CYS,O,HG,2.0954666137695312,3.6238958835601807,4
THR,O,HG,2.128394842147827,3.628394842147827,2
CYS,SG,HG,1.6099441051483154,3.2998608350753784,62
MET,SD,HG,2.302441954612732,3.886173367500305,11
ARG,NH1,K,2.2746384143829346,4.074565172195435,6
ASP,N,K,2.6640713214874268,4.164071321487427,2
HIS,NE2,K,1.2064310312271118,3.458497643470764,3
GLN,NE2,K,2.6188504099845886,4.152190148830414,4
GLY,N,K,2.6429643630981445,4.1429643630981445,1
TRP,N,K,2.5755198001861572,4.075519800186157,2
VAL,N,K,2.622792959213257,4.122792959213257,2
LEU,O,K,1.9394750595092773,3.639019727706909,32
SER,OG,K,2.0741078853607178,3.7697105407714844,69
THR,O,K,1.8845853805541992,3.763296604156494,112
VAL,O,K,1.9836158752441406,3.537145733833313,39
ASP,OD1,K,2.019590139389038,3.798116683959961,59
GLN,OE1,K,2.018228054046631,3.9297547340393066,17
GLU,OE1,K,1.8524889945983887,3.693536639213562,31
SER,O,K,1.8722083568572998,3.573989152908325,45
PRO,O,K,1.8987252116203308,3.6584060192108154,18
THR,OG1,K,2.1407936215400696,4.067213535308838,66
GLY,O,K,1.918582558631897,3.5464820861816406,99
CYS,O,K,2.085836172103882,3.6747320890426636,4
ASP,O,K,2.078365921974182,3.7384700775146484,46
ASN,O,K,1.8860676288604736,3.6795103549957275,37
GLU,OE2,K,1.860076665878296,3.637540578842163,53
ASP,OD2,K,1.850705862045288,3.782369017601013,35
TYR,O,K,1.8821895718574524,3.6544278860092163,16
PHE,O,K,1.9481756687164307,3.5508275032043457,52
ALA,O,K,1.9645461440086365,3.7526076436042786,44
GLU,O,K,1.8574562072753906,3.571686267852783,16
TYR,OH,K,1.8246662616729736,3.5699106454849243,55
TRP,O,K,1.809830904006958,3.733418107032776,7
ILE,O,K,1.9074904918670654,3.6544013023376465,113
HIS,O,K,1.9811251759529114,3.6270671486854553,20
LYS,O,K,1.9527184963226318,3.5759661197662354,9
ASN,OD1,K,1.9551783800125122,3.5788748264312744,40
ARG,O,K,1.970186471939087,3.518977403640747,5
GLN,O,K,1.9438910484313965,3.4438910484313965,3
HIS,NE2,MG,1.3772678971290588,3.125,784
LYS,NZ,MG,1.5717718601226807,3.4674911499023438,111
HIS,ND1,MG,1.4435184001922607,3.333517074584961,229
ALA,N,MG,1.8968584537506104,3.3968584537506104,37
VAL,N,MG,1.6068384647369385,3.1068384647369385,34
ARG,N,MG,1.7949092388153076,3.351456880569458,118
ARG,NE,MG,1.7943334579467773,3.331106185913086,37
ARG,NH2,MG,1.664555549621582,3.313642978668213,57
ASP,N,MG,1.6819496154785156,3.4111168384552,19
ASN,ND2,MG,1.4947855472564697,3.3207755088806152,74
GLU,N,MG,1.5913007259368896,3.0913007259368896,14
GLN,N,MG,1.7327039241790771,3.322009801864624,43
ILE,N,MG,1.7295057773590088,3.229505777359009,15
THR,N,MG,2.0035488605499268,3.5180516242980957,70
ARG,NH1,MG,1.61799955368042,3.3696932792663574,121
GLN,NE2,MG,1.3921250104904175,3.4755038022994995,161
HIS,N,MG,1.9618265628814697,3.4618265628814697,31
GLY,N,MG,1.6282873153686523,3.2923176288604736,44
ASN,N,MG,1.6962981224060059,3.196298122406006,35
TYR,N,MG,1.951272964477539,3.451272964477539,33
MET,N,MG,1.2344672679901123,3.1882713437080383,14
SER,N,MG,1.4508521556854248,3.288473606109619,5
PRO,N,MG,1.7784030437469482,3.382244348526001,4
LEU,N,MG,1.1993401050567627,3.0410959720611572,12
TRP,NE1,MG,1.91963529586792,3.41963529586792,3
PHE,N,MG,1.586029052734375,3.086029052734375,7
TRP,N,MG,1.9864723682403564,3.4864723682403564,1
LYS,N,MG,1.9445085525512695,3.4445085525512695,5
GLU,OE1,MG,1.3380294442176819,3.1789709329605103,1530
GLU,OE2,MG,1.3354547023773193,3.1964853405952454,2252
ASP,OD2,MG,1.3354840278625488,3.1977200508117676,3390
THR,OG1,MG,1.3470123410224915,3.2807676196098328,572
SER,OG,MG,1.3627787828445435,3.2020797729492188,555
ASP,OD1,MG,1.3304145336151123,3.170034646987915,3122
ASN,OD1,MG,1.3604019284248352,3.212011754512787,762
VAL,O,MG,1.4155709743499756,3.2737157344818115,341
LYS,O,MG,1.4368152022361755,3.197495460510254,208
ASP,O,MG,1.4348196983337402,3.2569727897644043,521
ILE,O,MG,1.3974003791809082,3.3416783809661865,245
TYR,O,MG,1.4887959957122803,3.369227170944214,133
TYR,OXT,MG,1.175440788269043,3.187702178955078,2
GLN,O,MG,1.5488921999931335,3.397780656814575,132
TYR,OH,MG,1.5428855419158936,3.378903388977051,112
GLN,OE1,MG,1.4337579011917114,3.28452730178833,440
ALA,O,MG,1.498399019241333,3.344691038131714,485
THR,O,MG,1.4817509651184082,3.257411003112793,375
SER,O,MG,1.4936978816986084,3.2872228622436523,350
GLY,O,MG,1.4472994804382324,3.2717862129211426,561
ASP,OXT,MG,1.541287899017334,3.319065570831299,5
LEU,O,MG,1.5178329944610596,3.404595136642456,352
PRO,O,MG,1.536673903465271,3.4029390811920166,152
ASN,O,MG,1.465226173400879,3.217784583568573,186
TRP,O,MG,1.435073971748352,3.1436766386032104,30
MET,O,MG,1.4238412380218506,3.2708117961883545,86
PHE,O,MG,1.4065887928009033,3.160629987716675,139
ARG,O,MG,1.4950642585754395,3.332051992416382,189
GLU,O,MG,1.4566612243652344,3.2011332511901855,215
CYS,O,MG,1.5537151098251343,3.287498354911804,71
HIS,O,MG,1.4903664588928223,3.344216823577881,79
PRO,OXT,MG,1.839177429676056,3.3677496314048767,2
SER,OXT,MG,1.6802778244018555,3.1802778244018555,1
ASN,OXT,MG,1.9584934711456299,3.45849347114563,1
TRP,OXT,MG,1.6947009563446045,3.1947009563446045,1
ARG,OXT,MG,1.686527132987976,3.2467124462127686,4
GLU,OXT,MG,1.4452707767486572,2.945854663848877,5
LYS,OXT,MG,1.2800476551055908,2.780047655105591,1
CYS,SG,MG,1.5091367959976196,3.690168023109436,104
MET,SD,MG,2.1497743129730225,3.6497743129730225,2
HIS,ND1,MN,1.3932961821556091,3.1274657249450684,712
HIS,NE2,MN,1.4202444553375244,3.0801689624786377,2837
ASN,ND2,MN,1.3106489181518555,3.041287899017334,18
HIS,N,MN,1.3998383283615112,3.0227980613708496,3
LYS,NZ,MN,0.8591218590736389,3.927441656589508,26
ASP,N,MN,2.0903139114379883,3.5903139114379883,7
PRO,N,MN,2.0548508167266846,3.5548508167266846,9
THR,N,MN,1.6754510402679443,3.1754510402679443,9
GLN,NE2,MN,0.8386337757110596,4.062041521072388,13
ARG,NH1,MN,1.8267278671264648,3.326727867126465,2
ARG,NH2,MN,1.811213493347168,3.5572867393493652,9
TRP,NE1,MN,1.882430076599121,3.463716506958008,5
GLU,OE2,MN,1.3616306781768799,3.1503326892852783,1463
GLU,OE1,MN,1.3782145977020264,3.091874361038208,1457
ASP,OD2,MN,1.363133192062378,3.1175098419189453,2265
ASP,OD1,MN,1.3727729320526123,3.116555690765381,1793
GLY,O,MN,1.4012746810913086,3.012646198272705,78
SER,OG,MN,1.4071838855743408,3.136101722717285,82
HIS,O,MN,1.381402611732483,3.032142221927643,10
THR,OG1,MN,1.3407161235809326,3.1514766216278076,69
ARG,O,MN,1.2982509136199951,3.4149158000946045,15
ILE,O,MN,1.4648102521896362,3.276712656021118,51
ASN,OD1,MN,1.363084316253662,3.088561534881592,287
ALA,O,MN,1.4849250316619873,3.3718408942222595,26
GLN,OE1,MN,1.4428505897521973,3.215088367462158,83
ASN,O,MN,1.4316887855529785,3.0714492797851562,16
TYR,O,MN,1.3797626495361328,3.0847222805023193,32
PHE,O,MN,1.4637928009033203,3.264768362045288,27
CYS,O,MN,1.3322412967681885,3.756695032119751,11
VAL,O,MN,1.444408655166626,3.1118510365486145,26
SER,O,MN,1.3652117252349854,3.1307497024536133,13
ASP,O,MN,1.0603435039520264,2.999465584754944,44
PRO,O,MN,1.5569508075714111,3.396120309829712,9
GLN,O,MN,1.4099266529083252,3.0084428787231445,8
THR,O,MN,1.4290573596954346,3.1811596155166626,22
LYS,O,MN,1.6081148386001587,3.1730339527130127,10
TYR,OH,MN,1.9064921736717224,3.496913194656372,12
GLU,O,MN,1.3978266716003418,3.180980920791626,15
MET,O,MN,1.4008793830871582,2.9268078804016113,4
ASP,OXT,MN,1.1296817064285278,2.629681706428528,2
LEU,O,MN,1.5505125522613525,3.212214469909668,33
ARG,OXT,MN,1.5806927680969238,3.080692768096924,3
GLY,OXT,MN,1.429734468460083,3.2087697982788086,8
ILE,OXT,MN,1.3311215043067932,2.9617063999176025,3
VAL,OXT,MN,1.3866865634918213,2.8866865634918213,1
TRP,O,MN,1.3598957061767578,2.859895706176758,3
CYS,SG,MN,1.5751606822013855,3.305589199066162,94
MET,SD,MN,1.9318451881408691,3.615141749382019,3
HIS,ND1,MN3,1.4135265946388245,2.977919101715088,48
HIS,NE2,MN3,1.537338137626648,3.108702063560486,18
GLU,OE1,MN3,1.239842414855957,2.995601177215576,60
GLU,OE2,MN3,1.3077594637870789,3.064821481704712,60
ASP,OD1,MN3,1.2075974643230438,3.0605498552322388,18
ASP,OD2,MN3,1.156688392162323,3.1198383569717407,19
VAL,O,MN3,1.7756497859954834,3.2756497859954834,2
PHE,O,MN3,1.5782321691513062,3.1240769624710083,2
ASN,N,NA,1.9360461235046387,3.4360461235046387,1
VAL,N,NA,2.1062567234039307,3.6062567234039307,4
GLY,N,NA,2.150174379348755,3.650174379348755,4
LEU,N,NA,2.210906505584717,3.710906505584717,4
ARG,NH2,NA,2.292163848876953,3.792163848876953,6
SER,N,NA,2.196122407913208,3.8008487224578857,19
ILE,N,NA,2.109353542327881,3.609353542327881,1
LYS,NZ,NA,1.2452335357666016,2.9680857062339783,4
ASN,ND2,NA,1.9265766143798828,3.426576614379883,1
THR,N,NA,1.877974510192871,3.633944869041443,10
ARG,N,NA,2.3149702548980713,3.8149702548980713,1
ASP,O,NA,1.6035473346710205,3.5546765327453613,29
ASP,OD1,NA,1.572613000869751,3.442542791366577,77
VAL,O,NA,1.5565803050994873,3.238032817840576,47
GLY,O,NA,1.5770237445831299,3.273568272590637,51
SER,OG,NA,1.6334654688835144,3.257800340652466,98
ASP,OD2,NA,1.4856312274932861,3.2601356506347656,61
PRO,O,NA,1.586864948272705,3.457592010498047,9
ARG,O,NA,1.5199286937713623,3.237297296524048,16
LYS,O,NA,1.5770893096923828,3.5407142639160156,15
THR,O,NA,1.5781774520874023,3.256437063217163,56
GLU,O,NA,1.5825774669647217,3.3062514066696167,14
TYR,OH,NA,1.8689942359924316,3.461376428604126,13
SER,O,NA,1.602224349975586,3.3981342911720276,48
ILE,O,NA,1.546608328819275,3.2864530086517334,47
LEU,O,NA,1.5463499426841736,3.4163410663604736,40
THR,OG1,NA,1.5803260803222656,3.2097278833389282,79
GLN,OE1,NA,1.496796727180481,3.151552200317383,32
GLU,OE1,NA,1.499348759651184,3.1234177947044373,36
ASN,O,NA,1.5796126127243042,3.461376428604126,30
PHE,O,NA,1.670854091644287,3.459214687347412,51
ALA,O,NA,1.55464768409729,3.2386602759361267,68
GLU,OE2,NA,1.5946611166000366,3.4570510387420654,27
TRP,O,NA,1.5922775864601135,3.2777770161628723,4
ASN,OD1,NA,1.587700366973877,3.2421751022338867,59
HIS,O,NA,1.7456505298614502,3.3709044456481934,16
LEU,OXT,NA,1.7714412212371826,3.2714412212371826,2
CYS,O,NA,1.6208758354187012,3.25675630569458,8
MET,O,NA,1.573900282382965,3.4457268118858337,18
TYR,O,NA,1.5991401672363281,3.1734368801116943,23
ALA,OXT,NA,0.984304666519165,2.484304666519165,1
GLN,O,NA,1.668344259262085,3.272627115249634,6
CYS,SG,NA,2.4910483360290527,3.9910483360290527,1
HIS,NE2,NI,1.3344262838363647,2.993534564971924,294
HIS,ND1,NI,1.3497319221496582,3.045973479747772,30
HIS,N,NI,1.285081684589386,2.8217630982398987,14
CYS,N,NI,1.1565061807632446,2.681442141532898,13
GLY,N,NI,1.158298134803772,2.658298134803772,1
MET,N,NI,1.6789311170578003,3.4618265628814697,3
ALA,N,NI,1.5144761204719543,3.057991921901703,2
TYR,OH,NI,1.572876214981079,3.1900447607040405,3
GLY,O,NI,1.5014102458953857,3.0520243644714355,5
GLU,OE1,NI,1.3352165222167969,2.9594857692718506,27
GLU,OE2,NI,1.33650803565979,3.1415693759918213,35
ASP,OD2,NI,1.4305531978607178,3.2125120162963867,40
ASP,OD1,NI,1.2292698323726654,2.9861772060394287,18
CYS,O,NI,1.2085880041122437,2.7085880041122437,1
ALA,O,NI,1.2257737517356873,2.7709463238716125,2
MET,O,NI,1.4306812286376953,3.4080417156219482,4
HIS,O,NI,1.4316303730010986,3.010369896888733,3
ASN,OD1,NI,1.4684987664222717,3.1125919818878174,4
SER,OG,NI,1.4315452575683594,2.9315452575683594,2
THR,OG1,NI,1.3329508304595947,2.8422319889068604,4
CYS,SG,NI,1.4462993144989014,3.146751880645752,93
MET,SD,NI,1.7238869667053223,3.2238869667053223,1
LYS,NZ,ZN,1.326692819595337,3.0826821327209473,325
HIS,NE2,ZN,1.2946672439575195,2.9841017723083496,10981
TRP,N,ZN,1.345829725265503,2.933478355407715,37
HIS,ND1,ZN,1.2934952974319458,2.9722683429718018,5388
MET,N,ZN,1.3149843215942383,2.9003679156303406,22
ARG,NH2,ZN,0.9874917268753052,3.6692534685134888,21
ALA,N,ZN,1.3001405000686646,3.0547802448272705,35
HIS,N,ZN,1.3382330536842346,3.238793134689331,42
SER,N,ZN,1.3030085563659668,3.064821481704712,50
GLN,NE2,ZN,0.7102458477020264,3.7389228343963623,20
ARG,NH1,ZN,1.25712251663208,3.4671006202697754,22
GLY,N,ZN,1.2517489194869995,3.3404053449630737,57
TRP,NE1,ZN,1.7203316688537598,3.415196418762207,9
ASP,N,ZN,1.676633358001709,3.226254463195801,7
ASN,ND2,ZN,1.4524462223052979,3.4111374616622925,23
CYS,N,ZN,1.5633444786071777,3.134848117828369,95
GLU,N,ZN,1.307403802871704,2.807403802871704,1
THR,N,ZN,1.2913212776184082,2.791321277618408,1
ARG,NE,ZN,1.4885368347167969,3.1587806940078735,3
ASN,N,ZN,1.4096738696098328,2.936160087585449,6
LYS,N,ZN,1.4508521556854248,3.3957512378692627,4
GLU,OE1,ZN,1.2752313613891602,3.183389902114868,4101
GLU,OE2,ZN,1.2412528991699219,3.0752525329589844,4933
GLN,OE1,ZN,1.302175760269165,3.032222867012024,126
ASP,OD2,ZN,1.2531561851501465,3.0446949005126953,5039
TRP,O,ZN,1.4068019390106201,2.9745192527770996,41
ASP,OD1,ZN,1.2654433250427246,3.1266441345214844,4024
SER,OG,ZN,1.2939507961273193,3.177061080932617,205
MET,O,ZN,1.4489655494689941,3.2177608013153076,42
CYS,O,ZN,1.1379321813583374,3.5890649557113647,21
LEU,O,ZN,1.3302385807037354,2.9965415596961975,20
ILE,O,ZN,1.4135971069335938,3.0990564823150635,38
ALA,O,ZN,1.3551950454711914,3.139002025127411,38
HIS,O,ZN,1.3817105293273926,3.2374684810638428,25
GLY,O,ZN,1.230372428894043,2.973586320877075,93
TYR,OH,ZN,1.3005692958831787,3.093734383583069,59
LEU,OXT,ZN,1.387532353401184,3.1544229984283447,8
GLN,O,ZN,1.5402753353118896,3.263343334197998,31
GLN,OXT,ZN,1.3483273684978485,2.9323599338531494,4
ASP,O,ZN,1.347477912902832,3.0557334423065186,126
GLU,O,ZN,1.4174717664718628,3.1121175289154053,15
SER,O,ZN,1.4017162322998047,3.1764569878578186,34
THR,OG1,ZN,1.277349203824997,3.597075432538986,128
ASN,OD1,ZN,1.3015772104263306,3.0091434121131897,198
GLY,OXT,ZN,1.2796920537948608,3.2190961837768555,6
LYS,O,ZN,1.2734021246433258,3.0922911167144775,28
THR,O,ZN,1.4193639755249023,3.0949347019195557,35
THR,OXT,ZN,1.119579017162323,2.6938153505325317,3
SER,OXT,ZN,1.1843472719192505,2.725481390953064,11
TYR,O,ZN,1.5108321905136108,3.1053744554519653,24
ASN,O,ZN,1.2657763957977295,3.1154723167419434,23
PHE,O,ZN,1.3281709551811218,2.902301609516144,22
VAL,O,ZN,1.3768086433410645,3.299126625061035,15
ASN,OXT,ZN,2.0099472999572754,3.5099472999572754,2
ARG,O,ZN,1.2539024353027344,3.053720712661743,16
GLU,OXT,ZN,1.2874029874801636,2.9455201625823975,3
MET,OXT,ZN,1.3223161697387695,2.8223161697387695,2
ASP,OXT,ZN,1.602769136428833,3.102769136428833,1
PRO,O,ZN,1.5843560695648193,3.379460573196411,9
PRO,OXT,ZN,1.1885700225830078,2.772208571434021,4
LYS,OXT,ZN,1.340482473373413,2.840482473373413,3
ALA,OXT,ZN,1.1605995893478394,2.6605995893478394,1
VAL,OXT,ZN,1.9364833235740662,3.437448799610138,2
CYS,SG,ZN,1.5365948677062988,3.123011589050293,21199
MET,SD,ZN,1.7398709058761597,3.3685989379882812,11
